{"train_accuracy":1,"_timestamp":1.7332594261015797e+09,"_runtime":18.904426963,"_step":0,"_wandb":{"runtime":20}}