{"_step":3,"acc_p_ik_train_test":0.4230769230769231,"_wandb":{"runtime":2483},"auroc_p_ik_eval":0.3216679076693969,"acc_p_ik_eval":0.3384615384615385,"_timestamp":1.7333630969051554e+09,"performance":{"accuracy":{"mean":0.6076923076923076,"bootstrap":{"low":0.5384615384615384,"high":0.676923076923077,"std_err":0.04309880685265587}}},"train_accuracy":0.4846153846153846,"auroc_p_ik_train_train":1,"acc_p_ik_train_train":1,"converged":false,"auroc_p_ik_train_test":0.5178571428571428,"validation_accuracy":0.6076923076923076,"uncertainty":{"cluster_assignment_entropy":{"accuracy_at_1.0_answer_fraction":{"bootstrap":{"std_err":0.044488072523777705,"low":0.5384615384615384,"high":0.6846153846153846},"mean":0.6076923076923076},"AUROC":{"mean":0.6038719285182428,"bootstrap":{"low":0.5205733739510982,"high":0.6761532308608759,"std_err":0.04872389371895485}},"area_under_thresholded_accuracy":{"mean":0.6424237782969952,"bootstrap":{"std_err":0.04753880682999475,"low":0.5675204055488066,"high":0.7225496201536001}},"mean_uncertainty":{"bootstrap":{"high":0.6825576898807063,"std_err":0.02725955137738675,"low":0.5952900740387068},"mean":0.6400092135887276},"accuracy_at_0.8_answer_fraction":{"mean":0.6481481481481481,"bootstrap":{"std_err":0.04747224037653651,"low":0.5700934579439252,"high":0.7279102063932196}},"accuracy_at_0.9_answer_fraction":{"bootstrap":{"high":0.6779661016949152,"std_err":0.04630829919313829,"low":0.5295621858534052},"mean":0.6068376068376068},"accuracy_at_0.95_answer_fraction":{"bootstrap":{"std_err":0.044221028792508915,"low":0.5241935483870968,"high":0.6693203671977197},"mean":0.6016260162601627}},"semantic_entropy_UNANSWERABLE":{"area_under_thresholded_accuracy":{"bootstrap":{"std_err":0,"low":NaN,"high":NaN},"mean":0.9473684210526319},"mean_uncertainty":{"bootstrap":{"low":0.5422945786556469,"high":0.6328063018832178,"std_err":0.027897963864517598},"mean":0.5901105371042958},"accuracy_at_0.8_answer_fraction":{"bootstrap":{"std_err":0,"low":NaN,"high":NaN},"mean":1},"accuracy_at_0.9_answer_fraction":{"bootstrap":{"std_err":0,"low":NaN,"high":NaN},"mean":1},"accuracy_at_0.95_answer_fraction":{"bootstrap":{"low":NaN,"high":NaN,"std_err":0},"mean":1},"accuracy_at_1.0_answer_fraction":{"mean":1,"bootstrap":{"high":NaN,"std_err":0,"low":NaN}},"AUROC":{"mean":NaN,"bootstrap":{"high":NaN,"std_err":NaN,"low":NaN}}},"cluster_assignment_entropy_UNANSWERABLE":{"accuracy_at_0.8_answer_fraction":{"mean":1,"bootstrap":{"high":NaN,"std_err":0,"low":NaN}},"accuracy_at_0.9_answer_fraction":{"mean":1,"bootstrap":{"low":NaN,"high":NaN,"std_err":0}},"accuracy_at_0.95_answer_fraction":{"bootstrap":{"std_err":0,"low":NaN,"high":NaN},"mean":1},"accuracy_at_1.0_answer_fraction":{"mean":1,"bootstrap":{"std_err":0,"low":NaN,"high":NaN}},"AUROC":{"bootstrap":{"std_err":NaN,"low":NaN,"high":NaN},"mean":NaN},"area_under_thresholded_accuracy":{"mean":0.9473684210526319,"bootstrap":{"low":NaN,"high":NaN,"std_err":0}},"mean_uncertainty":{"bootstrap":{"low":0.5974796522704078,"high":0.6872349913551533,"std_err":0.027106682377242727},"mean":0.6400092135887276}},"p_ik":{"accuracy_at_0.9_answer_fraction":{"mean":0.6068376068376068,"bootstrap":{"high":0.6878922461038173,"std_err":0.04596786409630144,"low":0.5384615384615384}},"accuracy_at_0.95_answer_fraction":{"mean":0.6016260162601627,"bootstrap":{"std_err":0.04670182679636012,"low":0.5121951219512195,"high":0.6666666666666666}},"accuracy_at_1.0_answer_fraction":{"bootstrap":{"std_err":0.04266389943293627,"low":0.5307692307692308,"high":0.6692307692307692},"mean":0.6076923076923076},"AUROC":{"bootstrap":{"std_err":0.04804656777019259,"low":0.24497541033849923,"high":0.40381359912810033},"mean":0.3216679076693969},"area_under_thresholded_accuracy":{"bootstrap":{"low":0.3840172763066298,"high":0.5566309657899549,"std_err":0.05354011072399122},"mean":0.47310795791635274},"mean_uncertainty":{"mean":0.5890978770977071,"bootstrap":{"std_err":0.03309663938771587,"low":0.53035692173942,"high":0.6431994761541145}},"accuracy_at_0.8_answer_fraction":{"mean":0.5769230769230769,"bootstrap":{"std_err":0.05286309393888599,"low":0.4807692307692308,"high":0.6546502550107146}}},"p_false_UNANSWERABLE":{"AUROC":{"bootstrap":{"std_err":NaN,"low":NaN,"high":NaN},"mean":NaN},"area_under_thresholded_accuracy":{"mean":0.9473684210526319,"bootstrap":{"low":NaN,"high":NaN,"std_err":0}},"mean_uncertainty":{"mean":1.2044925986574246,"bootstrap":{"std_err":0.0065246921430977415,"low":1.193396599217429,"high":1.2153278645010595}},"accuracy_at_0.8_answer_fraction":{"bootstrap":{"low":NaN,"high":NaN,"std_err":0},"mean":1},"accuracy_at_0.9_answer_fraction":{"mean":1,"bootstrap":{"std_err":0,"low":NaN,"high":NaN}},"accuracy_at_0.95_answer_fraction":{"mean":1,"bootstrap":{"std_err":0,"low":NaN,"high":NaN}},"accuracy_at_1.0_answer_fraction":{"bootstrap":{"low":NaN,"high":NaN,"std_err":0},"mean":1}},"regular_entropy":{"mean_uncertainty":{"bootstrap":{"low":0.17403935030349812,"high":0.19876986194974278,"std_err":0.0075244207455818345},"mean":0.18653910851108627},"accuracy_at_0.8_answer_fraction":{"mean":0.6153846153846154,"bootstrap":{"high":0.6826923076923077,"std_err":0.04965354354892211,"low":0.5192307692307693}},"accuracy_at_0.9_answer_fraction":{"mean":0.6239316239316239,"bootstrap":{"std_err":0.04530919559639417,"low":0.5501772551410307,"high":0.6950173801689137}},"accuracy_at_0.95_answer_fraction":{"mean":0.6178861788617886,"bootstrap":{"high":0.6910569105691057,"std_err":0.04449291428146408,"low":0.5447154471544715}},"accuracy_at_1.0_answer_fraction":{"mean":0.6076923076923076,"bootstrap":{"std_err":0.044003600413986266,"low":0.5384615384615384,"high":0.676923076923077}},"AUROC":{"mean":0.5912137006701415,"bootstrap":{"high":0.6695205611255648,"std_err":0.04925826864125503,"low":0.5060020038850743}},"area_under_thresholded_accuracy":{"bootstrap":{"std_err":0.0491005027192036,"low":0.5543549520233063,"high":0.7162130703393863},"mean":0.6429489529012663}},"p_false_fixed_UNANSWERABLE":{"accuracy_at_0.95_answer_fraction":{"mean":1,"bootstrap":{"std_err":0,"low":NaN,"high":NaN}},"accuracy_at_1.0_answer_fraction":{"bootstrap":{"std_err":0,"low":NaN,"high":NaN},"mean":1},"AUROC":{"mean":NaN,"bootstrap":{"std_err":NaN,"low":NaN,"high":NaN}},"area_under_thresholded_accuracy":{"mean":0.9473684210526319,"bootstrap":{"low":NaN,"high":NaN,"std_err":0}},"mean_uncertainty":{"mean":0.18269521803435163,"bootstrap":{"low":0.17474539523624982,"high":0.19132203109523016,"std_err":0.005115418697480947}},"accuracy_at_0.8_answer_fraction":{"mean":1,"bootstrap":{"high":NaN,"std_err":0,"low":NaN}},"accuracy_at_0.9_answer_fraction":{"mean":1,"bootstrap":{"low":NaN,"high":NaN,"std_err":0}}},"semantic_entropy":{"accuracy_at_0.95_answer_fraction":{"bootstrap":{"high":0.6747967479674797,"std_err":0.04390421769637284,"low":0.5284552845528455},"mean":0.6016260162601627},"accuracy_at_1.0_answer_fraction":{"mean":0.6076923076923076,"bootstrap":{"std_err":0.044350684948992546,"low":0.5307692307692308,"high":0.676923076923077}},"AUROC":{"mean":0.6088359394390668,"bootstrap":{"std_err":0.05006793778892149,"low":0.5287602854661383,"high":0.6914391018125855}},"area_under_thresholded_accuracy":{"bootstrap":{"std_err":0.04850392225515744,"low":0.5720303595860855,"high":0.7292772138566808},"mean":0.6530238879506371},"mean_uncertainty":{"bootstrap":{"low":0.548046621925464,"high":0.6344467550055407,"std_err":0.02663708795914592},"mean":0.5901105371042958},"accuracy_at_0.8_answer_fraction":{"mean":0.6346153846153846,"bootstrap":{"low":0.5523809523809524,"high":0.7047619047619048,"std_err":0.047289685747303856}},"accuracy_at_0.9_answer_fraction":{"mean":0.6153846153846154,"bootstrap":{"high":0.6864406779661016,"std_err":0.04650483949806586,"low":0.5384615384615384}}},"regular_entropy_UNANSWERABLE":{"accuracy_at_0.8_answer_fraction":{"mean":1,"bootstrap":{"low":NaN,"high":NaN,"std_err":0}},"accuracy_at_0.9_answer_fraction":{"mean":1,"bootstrap":{"low":NaN,"high":NaN,"std_err":0}},