{"n_iter":100,"acc_p_ik_eval":0.3076923076923077,"performance":{"accuracy":{"bootstrap":{"std_err":0.043091822765031436,"low":0.5461538461538461,"high":0.6846153846153846},"mean":0.6230769230769231}},"acc_p_ik_train_test":0.34615384615384615,"_step":3,"_timestamp":1.7336213412418344e+09,"_wandb":{"runtime":4758},"validation_accuracy":0.6230769230769231,"uncertainty":{"p_false_fixed":{"accuracy_at_0.8_answer_fraction":{"mean":0.6923076923076923,"bootstrap":{"low":0.625,"high":0.7788461538461539,"std_err":0.0469554837823979}},"accuracy_at_0.9_answer_fraction":{"bootstrap":{"high":0.7264957264957265,"std_err":0.04567145883652666,"low":0.5781627889222146},"mean":0.6495726495726496},"accuracy_at_0.95_answer_fraction":{"mean":0.6422764227642277,"bootstrap":{"std_err":0.04688036676316817,"low":0.5691056910569106,"high":0.7235772357723578}},"accuracy_at_1.0_answer_fraction":{"mean":0.6230769230769231,"bootstrap":{"low":0.5461538461538461,"high":0.6923076923076923,"std_err":0.04408106442490413}},"AUROC":{"bootstrap":{"std_err":0.05355238015069575,"low":0.5166896837150022,"high":0.6898942221980474},"mean":0.6067019400352734},"area_under_thresholded_accuracy":{"mean":0.644974332223493,"bootstrap":{"low":0.5631189070939931,"high":0.7183078185801582,"std_err":0.04788170422468892}},"mean_uncertainty":{"bootstrap":{"high":0.12051250893700104,"std_err":0.0026155700881811024,"low":0.11190289468169679},"mean":0.11598623843144978}},"p_false_UNANSWERABLE":{"accuracy_at_0.9_answer_fraction":{"mean":1,"bootstrap":{"low":NaN,"high":NaN,"std_err":0}},"accuracy_at_0.95_answer_fraction":{"mean":1,"bootstrap":{"high":NaN,"std_err":0,"low":NaN}},"accuracy_at_1.0_answer_fraction":{"bootstrap":{"low":NaN,"high":NaN,"std_err":0},"mean":1},"AUROC":{"bootstrap":{"std_err":NaN,"low":NaN,"high":NaN},"mean":NaN},"area_under_thresholded_accuracy":{"bootstrap":{"high":NaN,"std_err":0,"low":NaN},"mean":0.9473684210526319},"mean_uncertainty":{"mean":1.123837356011455,"bootstrap":{"high":1.12856899009515,"std_err":0.002941338888486343,"low":1.1188544472180162}},"accuracy_at_0.8_answer_fraction":{"mean":1,"bootstrap":{"high":NaN,"std_err":0,"low":NaN}}},"p_false_fixed_UNANSWERABLE":{"accuracy_at_1.0_answer_fraction":{"bootstrap":{"std_err":0,"low":NaN,"high":NaN},"mean":1},"AUROC":{"mean":NaN,"bootstrap":{"std_err":NaN,"low":NaN,"high":NaN}},"area_under_thresholded_accuracy":{"bootstrap":{"low":NaN,"high":NaN,"std_err":0},"mean":0.9473684210526319},"mean_uncertainty":{"mean":0.11598623843144978,"bootstrap":{"low":0.11195954854011493,"high":0.12035749616127711,"std_err":0.002612095389498191}},"accuracy_at_0.8_answer_fraction":{"mean":1,"bootstrap":{"low":NaN,"high":NaN,"std_err":0}},"accuracy_at_0.9_answer_fraction":{"mean":1,"bootstrap":{"high":NaN,"std_err":0,"low":NaN}},"accuracy_at_0.95_answer_fraction":{"bootstrap":{"std_err":0,"low":NaN,"high":NaN},"mean":1}},"cluster_assignment_entropy":{"area_under_thresholded_accuracy":{"bootstrap":{"low":0.5772587251729513,"high":0.7349860593725002,"std_err":0.048151062098366684},"mean":0.6538830353321649},"mean_uncertainty":{"bootstrap":{"low":0.6805868899996312,"high":0.7623001842614732,"std_err":0.024999046954765795},"mean":0.7248534383821578},"accuracy_at_0.8_answer_fraction":{"bootstrap":{"high":0.7142857142857143,"std_err":0.0468363010104803,"low":0.5627866317317679},"mean":0.6442307692307693},"accuracy_at_0.9_answer_fraction":{"mean":0.6495726495726496,"bootstrap":{"low":0.5798319327731093,"high":0.7165629141119617,"std_err":0.04275522694399742}},"accuracy_at_0.95_answer_fraction":{"mean":0.6422764227642277,"bootstrap":{"low":0.5691056910569106,"high":0.7073170731707317,"std_err":0.04349304031627576}},"accuracy_at_1.0_answer_fraction":{"mean":0.6230769230769231,"bootstrap":{"low":0.5538461538461539,"high":0.7,"std_err":0.04378862947490165}},"AUROC":{"bootstrap":{"low":0.508189209329588,"high":0.677284757963371,"std_err":0.05132371225293146},"mean":0.6005291005291006}},"cluster_assignment_entropy_UNANSWERABLE":{"accuracy_at_0.9_answer_fraction":{"mean":1,"bootstrap":{"std_err":0,"low":NaN,"high":NaN}},"accuracy_at_0.95_answer_fraction":{"bootstrap":{"std_err":0,"low":NaN,"high":NaN},"mean":1},"accuracy_at_1.0_answer_fraction":{"mean":1,"bootstrap":{"std_err":0,"low":NaN,"high":NaN}},"AUROC":{"mean":NaN,"bootstrap":{"std_err":NaN,"low":NaN,"high":NaN}},"area_under_thresholded_accuracy":{"mean":0.9473684210526319,"bootstrap":{"high":NaN,"std_err":0,"low":NaN}},"mean_uncertainty":{"mean":0.7248534383821578,"bootstrap":{"low":0.6800659301947657,"high":0.7643402253959886,"std_err":0.025894149939362548}},"accuracy_at_0.8_answer_fraction":{"mean":1,"bootstrap":{"low":NaN,"high":NaN,"std_err":0}}},"p_ik_UNANSWERABLE":{"accuracy_at_0.95_answer_fraction":{"bootstrap":{"high":NaN,"std_err":0,"low":NaN},"mean":1},"accuracy_at_1.0_answer_fraction":{"mean":1,"bootstrap":{"low":NaN,"high":NaN,"std_err":0}},"AUROC":{"mean":NaN,"bootstrap":{"std_err":NaN,"low":NaN,"high":NaN}},"area_under_thresholded_accuracy":{"bootstrap":{"high":NaN,"std_err":0,"low":NaN},"mean":0.9473684210526319},"mean_uncertainty":{"bootstrap":{"std_err":0.033386297256201306,"low":0.5282853726893526,"high":0.6400033120636454},"mean":0.5875151665237239},"accuracy_at_0.8_answer_fraction":{"mean":1,"bootstrap":{"low":NaN,"high":NaN,"std_err":0}},"accuracy_at_0.9_answer_fraction":{"mean":1,"bootstrap":{"high":NaN,"std_err":0,"low":NaN}}},"p_ik":{"AUROC":{"mean":0.3305618543713782,"bootstrap":{"std_err":0.04981735738125825,"low":0.2542946764393081,"high":0.41866476578670614}},"area_under_thresholded_accuracy":{"bootstrap":{"high":0.5718087573329389,"std_err":0.054177590631447475,"low":0.3930295755924668},"mean":0.48597119234598035},"mean_uncertainty":{"mean":0.5875151665237239,"bootstrap":{"low":0.5246686093271153,"high":0.6371884682008228,"std_err":0.0336488993640075}},"accuracy_at_0.8_answer_fraction":{"mean":0.5961538461538461,"bootstrap":{"std_err":0.05215536567482916,"low":0.5007716174743733,"high":0.6698113207547169}},"accuracy_at_0.9_answer_fraction":{"mean":0.6324786324786325,"bootstrap":{"std_err":0.04498982193161458,"low":0.5641025641025641,"high":0.7156856412575462}},"accuracy_at_0.95_answer_fraction":{"bootstrap":{"std_err":0.046025165838825266,"low":0.5284552845528455,"high":0.6829268292682927},"mean":0.6178861788617886},"accuracy_at_1.0_answer_fraction":{"mean":0.6230769230769231,"bootstrap":{"std_err":0.0417445642467029,"low":0.5461538461538461,"high":0.6846153846153846}}},"regular_entropy_UNANSWERABLE":{"accuracy_at_0.8_answer_fraction":{"mean":1,"bootstrap":{"std_err":0,"low":NaN,"high":NaN}},"accuracy_at_0.9_answer_fraction":{"mean":1,"bootstrap":{"std_err":0,"low":NaN,"high":NaN}},"accuracy_at_0.95_answer_fraction":{"mean":1,"bootstrap":{"low":NaN,"high":NaN,"std_err":0}},"accuracy_at_1.0_answer_fraction":{"bootstrap":{"std_err":0,"low":NaN,"high":NaN},"mean":1},"AUROC":{"bootstrap":{"std_err":NaN,"low":NaN,"high":NaN},"mean":NaN},"area_under_thresholded_accuracy":{"mean":0.9473684210526319,"bootstrap":{"high":NaN,"std_err":0,"low":NaN}},"mean_uncertainty":{"bootstrap":{"std_err":0.0066601956049975475,"low":0.17986981814511369,"high":0.2018180884517587},"mean":0.18993463658455587}},"regular_entropy":{"accuracy_at_0.8_answer_fraction":{"bootstrap":{"std_err":0.05058823854484886,"low":0.566232124236364,"high":0.7307692307692307},"mean":0.6538461538461539},"accuracy_at_0.9_answer_fraction":{"mean":0.6410256410256411,"bootstrap":{"std_err":0.04436665922221526,"low":0.5714285714285714,"high":0.717948717948718}},"accuracy_at_0.95_answer_fraction":{"mean":0.6422764227642277,"bootstrap":{"low":0.5691056910569106,"high":0.7107849683504286,"std_err":0.04391159701312568}},"accuracy_at_1.0_answer_fraction":{"bootstrap":{"std_err":0.04291413432308577,"low":0.5538461538461539,"high":0.6923076923076923},"mean":0.6230769230769231},"AUROC":{"mean":0.6570924666162761,"bootstrap":{"low":0.5731125615377165,"high":0.7407498162215143,"std_err":0.05141599171627884}},