{"auroc_p_ik_eval":0.783420138888889,"train_accuracy":0.67,"auroc_p_ik_train_test":0.7946428571428571,"converged":false,"acc_p_ik_train_train":1,"_timestamp":1.7344849614582086e+09,"acc_p_ik_eval":0.735,"validation_accuracy":0.64,"_runtime":9260.278236399,"auroc_p_ik_train_train":1,"n_iter":100,"acc_p_ik_train_test":0.725,"_wandb":{"runtime":9260},"_step":3,"performance":{"accuracy":{"mean":0.64,"bootstrap":{"high":0.695,"std_err":0.0339502314899062,"low":0.585}}},"uncertainty":{"cluster_assignment_entropy_UNANSWERABLE":{"accuracy_at_0.9_answer_fraction":{"mean":1,"bootstrap":{"high":NaN,"std_err":0,"low":NaN}},"accuracy_at_0.95_answer_fraction":{"mean":1,"bootstrap":{"high":NaN,"std_err":0,"low":NaN}},"accuracy_at_1.0_answer_fraction":{"mean":1,"bootstrap":{"high":NaN,"std_err":0,"low":NaN}},"AUROC":{"mean":NaN,"bootstrap":{"high":NaN,"std_err":NaN,"low":NaN}},"area_under_thresholded_accuracy":{"mean":0.9473684210526319,"bootstrap":{"low":0.9473684210526319,"high":0.9473684210526319,"std_err":0}},"mean_uncertainty":{"mean":0.19639333185946062,"bootstrap":{"low":0.16466773939695004,"high":0.23138076785874614,"std_err":0.02074390072107106}},"accuracy_at_0.8_answer_fraction":{"mean":1,"bootstrap":{"high":NaN,"std_err":0,"low":NaN}}},"cluster_assignment_entropy":{"accuracy_at_0.9_answer_fraction":{"mean":0.6833333333333333,"bootstrap":{"low":0.6243093922651933,"high":0.7401032506829296,"std_err":0.03523732710874041}},"accuracy_at_0.95_answer_fraction":{"mean":0.6631578947368421,"bootstrap":{"high":0.7157894736842105,"std_err":0.03565290184516189,"low":0.600057327688119}},"accuracy_at_1.0_answer_fraction":{"bootstrap":{"std_err":0.03435820697280909,"low":0.585,"high":0.7},"mean":0.64},"AUROC":{"bootstrap":{"high":0.7823594963177007,"std_err":0.03648515660499165,"low":0.6625749526319236},"mean":0.7213541666666666},"area_under_thresholded_accuracy":{"mean":0.7173012914970722,"bootstrap":{"high":0.7670177502647892,"std_err":0.03184498383140975,"low":0.6636984487602116}},"mean_uncertainty":{"mean":0.19639333185946062,"bootstrap":{"high":0.23449117651871834,"std_err":0.020855398641953522,"low":0.16633085782028076}},"accuracy_at_0.8_answer_fraction":{"mean":0.71875,"bootstrap":{"high":0.78125,"std_err":0.03860386591126237,"low":0.65625}}},"p_ik":{"accuracy_at_1.0_answer_fraction":{"bootstrap":{"std_err":0.03446554291823428,"low":0.58,"high":0.695},"mean":0.64},"AUROC":{"mean":0.783420138888889,"bootstrap":{"high":0.836557898282106,"std_err":0.03548172419273892,"low":0.71576523101403}},"area_under_thresholded_accuracy":{"mean":0.7602821678688964,"bootstrap":{"low":0.7003017509759012,"high":0.8065402526466019,"std_err":0.03213888119106753}},"mean_uncertainty":{"mean":0.29114443196759654,"bootstrap":{"high":0.3350832658591566,"std_err":0.02825303696642884,"low":0.2431084607364157}},"accuracy_at_0.8_answer_fraction":{"mean":0.74375,"bootstrap":{"high":0.80625,"std_err":0.037431359991804025,"low":0.6832298136645962}},"accuracy_at_0.9_answer_fraction":{"mean":0.6944444444444444,"bootstrap":{"high":0.7547701451680654,"std_err":0.03602723295559624,"low":0.6333333333333333}},"accuracy_at_0.95_answer_fraction":{"mean":0.6578947368421053,"bootstrap":{"std_err":0.03662266274587129,"low":0.5934575142206446,"high":0.7120418848167539}}},"p_false_fixed_UNANSWERABLE":{"area_under_thresholded_accuracy":{"mean":0.9473684210526319,"bootstrap":{"std_err":0,"low":0.9473684210526319,"high":0.9473684210526319}},"mean_uncertainty":{"mean":0.08797937465307398,"bootstrap":{"high":0.09195012696504233,"std_err":0.0022752556415751553,"low":0.08443991418771783}},"accuracy_at_0.8_answer_fraction":{"mean":1,"bootstrap":{"low":NaN,"high":NaN,"std_err":0}},"accuracy_at_0.9_answer_fraction":{"mean":1,"bootstrap":{"low":NaN,"high":NaN,"std_err":0}},"accuracy_at_0.95_answer_fraction":{"mean":1,"bootstrap":{"low":NaN,"high":NaN,"std_err":0}},"accuracy_at_1.0_answer_fraction":{"mean":1,"bootstrap":{"high":NaN,"std_err":0,"low":NaN}},"AUROC":{"bootstrap":{"std_err":NaN,"low":NaN,"high":NaN},"mean":NaN}},"semantic_entropy":{"accuracy_at_0.95_answer_fraction":{"mean":0.6631578947368421,"bootstrap":{"low":0.6025306757358796,"high":0.7157894736842105,"std_err":0.034755950038544356}},"accuracy_at_1.0_answer_fraction":{"bootstrap":{"std_err":0.03410205932858676,"low":0.585,"high":0.695},"mean":0.64},"AUROC":{"bootstrap":{"low":0.6702453962495649,"high":0.787789051342948,"std_err":0.0363025118517193},"mean":0.7311197916666666},"area_under_thresholded_accuracy":{"bootstrap":{"std_err":0.03171162012408481,"low":0.6760772410947807,"high":0.7809507839153277},"mean":0.7327531652342},"mean_uncertainty":{"mean":0.1861495559980754,"bootstrap":{"std_err":0.020650530247142185,"low":0.15466563197886868,"high":0.220870081821369}},"accuracy_at_0.8_answer_fraction":{"bootstrap":{"std_err":0.03956488381074784,"low":0.6521739130434783,"high":0.782608695652174},"mean":0.71875},"accuracy_at_0.9_answer_fraction":{"bootstrap":{"low":0.6277777777777778,"high":0.7403314917127072,"std_err":0.03566794896637754},"mean":0.6833333333333333}},"p_false_fixed":{"accuracy_at_0.9_answer_fraction":{"mean":0.6333333333333333,"bootstrap":{"low":0.5722222222222222,"high":0.6906077348066298,"std_err":0.03691298336490908}},"accuracy_at_0.95_answer_fraction":{"mean":0.6421052631578947,"bootstrap":{"high":0.7105263157894737,"std_err":0.03643013925599217,"low":0.5843726691666026}},"accuracy_at_1.0_answer_fraction":{"mean":0.64,"bootstrap":{"std_err":0.03504112270290838,"low":0.58,"high":0.695}},"AUROC":{"bootstrap":{"low":0.4130330779059189,"high":0.5532298233064219,"std_err":0.04311476589433747},"mean":0.4855685763888889},"area_under_thresholded_accuracy":{"mean":0.5977151309609223,"bootstrap":{"high":0.6596891765451897,"std_err":0.0423826828753563,"low":0.5279203362717163}},"mean_uncertainty":{"bootstrap":{"std_err":0.0023071501964444436,"low":0.08440726000574028,"high":0.09181219676881179},"mean":0.08797937465307398},"accuracy_at_0.8_answer_fraction":{"bootstrap":{"std_err":0.038217079465752125,"low":0.56875,"high":0.695019859020073},"mean":0.6375}},"p_ik_UNANSWERABLE":{"accuracy_at_0.95_answer_fraction":{"bootstrap":{"low":NaN,"high":NaN,"std_err":0},"mean":1},"accuracy_at_1.0_answer_fraction":{"mean":1,"bootstrap":{"low":NaN,"high":NaN,"std_err":0}},"AUROC":{"bootstrap":{"high":NaN,"std_err":NaN,"low":NaN},"mean":NaN},"area_under_thresholded_accuracy":{"mean":0.9473684210526319,"bootstrap":{"std_err":0,"low":0.9473684210526319,"high":0.9473684210526319}},"mean_uncertainty":{"mean":0.29114443196759654,"bootstrap":{"std_err":0.028439683032710904,"low":0.24711517984296413,"high":0.337972559299036}},"accuracy_at_0.8_answer_fraction":{"mean":1,"bootstrap":{"high":NaN,"std_err":0,"low":NaN}},"accuracy_at_0.9_answer_fraction":{"mean":1,"bootstrap":{"high":NaN,"std_err":0,"low":NaN}}},"p_false":{"mean_uncertainty":{"bootstrap":{"std_err":0.0027369092849215803,"low":1.088576970378031,"high":1.0976951910286525},"mean":1.09275542864576},"accuracy_at_0.8_answer_fraction":{"bootstrap":{"high":0.6956521739130435,"std_err":0.03708528216973504,"low":0.5750154151494626},"mean":0.6375},"accuracy_at_0.9_answer_fraction":{"mean":0.6333333333333333,"bootstrap":{"low":0.5722222222222222,"high":0.6888888888888889,"std_err":0.03503880940170231}},"accuracy_at_0.95_answer_fraction":{"bootstrap":{"std_err":0.03665841154686144,"low":0.581151832460733,"high":0.7},"mean":0.6421052631578947},"accuracy_at_1.0_answer_fraction":{"mean":0.64,"bootstrap":{"low":0.585,"high":0.7,"std_err":0.03357938467386018}},"AUROC":{"mean":0.4855685763888889,"bootstrap":{"std_err":0.0418712867970055,"low":0.41575814073768524,"high":0.5527461726816237}},"area_under_thresholded_accuracy":{"mean":0.5977151309609223,"bootstrap":{"std_err":0.04230056718534269,"low":0.528767712783656,"high":0.6627267870367963}}},"p_false_UNANSWERABLE":{"accuracy_at_1.0_answer_fraction":{"mean":1,"bootstrap":{"std_err":0,"low":NaN,"high":NaN}},"AUROC":{"bootstrap":{"std_err":NaN,"low":NaN,"high":NaN},"mean":NaN},