{"_runtime":20.044433577,"_step":0,"_wandb":{"runtime":21},"train_accuracy":1,"_timestamp":1.7332598526267295e+09}