{"_wandb":{"runtime":22},"train_accuracy":1,"_timestamp":1.7332602284653435e+09,"_runtime":21.361316004,"_step":0}