{"_timestamp":1.7332595590475183e+09,"_runtime":18.813186868,"_wandb":{"runtime":20},"_step":0,"train_accuracy":1}