{"_timestamp":1.7332599794995902e+09,"_runtime":18.545545545,"_step":0,"train_accuracy":1,"_wandb":{"runtime":20}}