{"_wandb":{"runtime":20},"train_accuracy":1,"_timestamp":1.7332604796136777e+09,"_runtime":18.791301913,"_step":0}