{"_timestamp":1.7332602902284398e+09,"_runtime":21.319280094,"_step":0,"_wandb":{"runtime":23},"train_accuracy":1}