{"_runtime":57.127991919,"_step":0,"_wandb":{"runtime":75},"train_accuracy":1,"_timestamp":1.7332592097958384e+09}