{"_step":0,"_wandb":{"runtime":20},"train_accuracy":1,"_timestamp":1.7332611441340675e+09,"_runtime":19.046915265}