{"_step":0,"_wandb":{"runtime":21},"train_accuracy":1,"_timestamp":1.733261272477709e+09,"_runtime":19.493352341}