{"_timestamp":1.7332606550561426e+09,"_runtime":19.42031896,"_step":0,"_wandb":{"runtime":21},"train_accuracy":1}