{"_wandb":{"runtime":21},"train_accuracy":1,"_timestamp":1.7332610486746545e+09,"_runtime":19.173124323,"_step":0}