{"train_accuracy":1,"_timestamp":1.7332580682947197e+09,"_runtime":108.882635982,"_step":1,"validation_accuracy":1,"_wandb":{"runtime":108}}